insert into smp_user(username, password, isadmin) values ('test_admin',                                '$2a$06$k.Q/6anG4Eq/nNTZ0C1UIuAKxpr6ra5oaMkMSrlESIyA5jKEsUdyS', 1);
insert into smp_user(username, password, isadmin) values ('test_user_hashed_pass',                     '$2a$06$k.Q/6anG4Eq/nNTZ0C1UIuAKxpr6ra5oaMkMSrlESIyA5jKEsUdyS', 0);
insert into smp_user(username, password, isadmin) values ('test_user_clear_pass',                      'gutek123',                                                     0);
insert into smp_user(username, password, isadmin) values ('CN=common name,O=org,C=BE:0000000000000066', '',                                                             0);
Insert into smp_user (username,password,isadmin) values ('test','$2a$10$fvONLZ1J80Sj.4C2w0/UBuYxHEGoXLIZgZfxqEXoDSH8q3fbTcGJ6',0);
Insert into smp_user (username,password,isadmin) values ('CN=GENERALERDS_AP_TEST_00000,O=European Commission,C=BE:e6588be5c376f78e',null,0);
Insert into smp_user (username,password,isadmin) values ('CN=GENERALERDS_AP_TEST_00000/serialNumber\=1,O=European Commission,C=BE:e6588be5c376f78e',null,0);
Insert into smp_user (username,password,isadmin) values ('CN=EHEALTH_SMP_TEST_BRAZIL,O=European Commission,C=BE:48b681ee8e0dcc08',null,0);
Insert into smp_user (username,password,isadmin) values ('CN=EHEALTH_SMP_EC_PassedDate,O=European Commission,C=BE:00000000589C4C3B',null,0);
Insert into smp_user (username,password,isadmin) values ('CN=EHEALTH_SMP_EC,O=European Commission,C=BE:f71ee8b11cb3b787',null,0);
Insert into smp_user (username,password,isadmin) values ('CN=EHEALTH_AP_TEST_00000/serialNumber\=1,O=European Commission,C=BE:23b207cb468b8519',null,0);
Insert into smp_user (username,password,isadmin) values ('CN=EHEALTH_AP_TEST_00000,O=European Commission,C=BE:23b207cb468b8519',null,0);
Insert into smp_user (username,password,isadmin) values ('AdminSMP1TEST','$2a$10$vrTybiXuFJiGaCJksihuNeaLZnAKwjIcL7KYopxFyZdoRlzs9qZCm',1);
Insert into smp_user (username,password,isadmin) values ('AdminSMP2TEST','$2a$10$OIRWlcLV7TXEoWr9SsxLk..vpHhNPDmBPxUjgCL/euNVHxhvtnhBi',1);
Insert into smp_user (username,password,isadmin) values ('CN=GRP:SMP_TEST_\+\,& \=eau/emailAddress\=CEF-EDELIVERY-SUPPORT@ec.europa.eu/serialNumber\=1,O=European Commission,C=BE:6eef83f5ef06a05b',null,0);
Insert into smp_user (username,password,isadmin) values ('CN=SMP_OpenPEPPOL SMK 003,O=OpenPEPPOL,C=BE:3b3b162e7d37dd2e50edc6d3378997e1',null,0);
Insert into smp_user (username,password,isadmin) values ('CN=SMP_CONNECTIVITYTEST_05,O=Connectivity Test,C=BE:0000000000001052',null,0);
Insert into smp_user (username,password,isadmin) values ('CN=SMP_CONNECTIVITYTEST_05/emailAddress/=CEF-EDELIVERY-SUPPORT@ec.europa.eu,O=Connectivity Test,C=BE:0000000000001052',null,0);
Insert into smp_user (username,password,isadmin) values ('CN=EHEALTH_SMP_TEST_BRAZIL,O=European Commission,C=BE:0000000000000123',null,0);
Insert into smp_user (username,password,isadmin) values ('CN=slash/backslash\\quote\"colon:_rfc2253special_ampersand&comma\,equals\=plus\+lessthan\<greaterthan\>hash\#semicolon\;end,O=DEẞßÄäPLżółćNOÆæØøÅå,C=PL:0000000000001010',null,1);
Insert into smp_user (username,password,isadmin) values ('admin','$2a$10$jsZamGH2qv8SVnRy55bKOOXof0QbIOaOqsYT/Ujo2Eb7dVQxG0Hd6',0);



Insert into smp_domain (domainId,bdmslClientCertHeader,bdmslClientCertAlias,bdmslSmpId,signatureCertAlias) values ('peppol','sno=3b3b162e7d37dd2e50edc6d3378997e1&subject=CN=SMP_OpenPEPPOL SMK 003,O=OpenPEPPOL,C=BE&validfrom=Oct 12 10:37:53 2016 CEST&validto=Oct 1 10:37:53 2018 CEST&issuer=CN=PEPPOL Root TEST CA,OU=FOR TEST PURPOSES ONLY,O=NATIONAL IT AND TELECOM AGENCY,C=DK',null,'CEF-TEST-PEPPOL-SMP',null);
Insert into smp_domain (domainId,bdmslClientCertHeader,bdmslClientCertAlias,bdmslSmpId,signatureCertAlias) values ('default','sno=3b3b162e7d37dd2e50edc6d3378997e1&subject=CN=SMP_OpenPEPPOL SMK 003,O=OpenPEPPOL,C=BE&validfrom=Oct 12 10:37:53 2016 CEST&validto=Oct 1 10:37:53 2018 CEST&issuer=CN=PEPPOL Root TEST CA,OU=FOR TEST PURPOSES ONLY,O=NATIONAL IT AND TELECOM AGENCY,C=DK',null,'DEFAULT-SMP-ID',null);

INSERT INTO smp_domain(domainId, bdmslClientCertHeader, bdmslClientCertAlias, bdmslSmpId, signatureCertAlias) VALUES('domain2', 'client-cert-header-value', '', 'SECOND-SMP-ID', 'signature-alias');
INSERT INTO smp_domain(domainId, bdmslClientCertHeader, bdmslClientCertAlias, bdmslSmpId, signatureCertAlias) VALUES('domain3', '', 'client-keystore-alias-key', 'THIRD-SMP-ID', 'signature-alias');


Insert into SMP_RESOURCE (businessidentifier,businessidentifierScheme,domainId, xmlContent) values ('0088:5798000000113','iso6523-actorid-upis','default','<Extension></Extension>');
Insert into SMP_RESOURCE (businessidentifier,businessidentifierScheme,domainId, xmlContent) values ('urn:aaaa:ncpb','ehealth-actorid-qns','default','<Extension></Extension>');
Insert into SMP_RESOURCE (businessidentifier,businessidentifierScheme,domainId, xmlContent) values ('0088:5798000000112','iso6523-actorid-upis','default','<Extension></Extension>');
Insert into SMP_RESOURCE (businessidentifier,businessidentifierScheme,domainId, xmlContent) values ('0088:5798700000112','iso6523-actorid-upis','default','<Extension></Extension>');
Insert into SMP_RESOURCE (businessidentifier,businessidentifierScheme,domainId, xmlContent) values ('0007:002:oasis','iso6523-actorid-upis','peppol','<Extension></Extension>');
Insert into SMP_RESOURCE (businessidentifier,businessidentifierScheme,domainId, xmlContent) values ('0007:1238000000666','iso6523-actorid-upis','default','<Extension></Extension>');
Insert into SMP_RESOURCE (businessidentifier,businessidentifierScheme,domainId, xmlContent) values ('0088:123456','iso6523-actorid-upis','default','<Extension></Extension>');
Insert into SMP_RESOURCE (businessidentifier,businessidentifierScheme,domainId, xmlContent) values ('0002:gutek','iso6523-actorid-upis','default','<Extension></Extension>');
Insert into SMP_RESOURCE (businessidentifier,businessidentifierScheme,domainId, xmlContent) values ('0088:918247451','iso6523-actorid-upis','default','<Extension></Extension>');
Insert into SMP_RESOURCE (businessidentifier,businessidentifierScheme,domainId, xmlContent) values ('00117770010100777','urn:oasis:names:tc:ebcore:partyid-type:iso6523:0088','default','<Extension></Extension>');
Insert into SMP_RESOURCE (businessidentifier,businessidentifierScheme,domainId, xmlContent) values ('0088:5798000000120','iso6523-actorid-upis','default','<Extension></Extension>');
Insert into SMP_RESOURCE (businessidentifier,businessidentifierScheme,domainId, xmlContent) values ('urn:aaa:ncpb','ehealth-actorid-qns','default','<Extension></Extension>');
Insert into SMP_RESOURCE (businessidentifier,businessidentifierScheme,domainId, xmlContent) values ('urn:bbb:ncpb','ehealth-actorid-qns','default','<Extension></Extension>');
Insert into SMP_RESOURCE (businessidentifier,businessidentifierScheme,domainId, xmlContent) values ('0077:7777717777777difi','ehealth-actorid-qns','default','<Extension></Extension>');
Insert into SMP_RESOURCE (businessidentifier,businessidentifierScheme,domainId, xmlContent) values ('0088:777ehealth10100777','ehealth-actorid-qns','default','<Extension></Extension>');
Insert into SMP_RESOURCE (businessidentifier,businessidentifierScheme,domainId, xmlContent) values ('urn:ehealth:eu:ncp-idp','ehealth-participantid-qns','default','<Extension></Extension>');
Insert into SMP_RESOURCE (businessidentifier,businessidentifierScheme,domainId, xmlContent) values ('0007:9340033829test2','ehealth-actorid-qns','default','<Extension></Extension>');
Insert into SMP_RESOURCE (businessidentifier,businessidentifierScheme,domainId, xmlContent) values ('0088:1234567','iso6523-actorid-upis','default','<Extension></Extension>');
Insert into SMP_RESOURCE (businessidentifier,businessidentifierScheme,domainId, xmlContent) values ('0007:9340033829dev1','ehealth-actorid-qns','default','<Extension></Extension>');
Insert into SMP_RESOURCE (businessidentifier,businessidentifierScheme,domainId, xmlContent) values ('0088:7770010100777','ehealth-actorid-qns','default','<Extension></Extension>');
Insert into SMP_RESOURCE (businessidentifier,businessidentifierScheme,domainId, xmlContent) values ('urn:ro:ncpb','ehealth-actorid-qns','default','<Extension></Extension>');
Insert into SMP_RESOURCE (businessidentifier,businessidentifierScheme,domainId, xmlContent) values ('ro','participant-demo-scheme','default','<Extension></Extension>');
Insert into SMP_RESOURCE (businessidentifier,businessidentifierScheme,domainId, xmlContent) values ('ro-0001','participant-demo-scheme','default','<Extension></Extension>');
Insert into SMP_RESOURCE (businessidentifier,businessidentifierScheme,domainId, xmlContent) values ('ro-0002','participant-demo-scheme','default','<Extension></Extension>');
Insert into SMP_RESOURCE (businessidentifier,businessidentifierScheme,domainId, xmlContent) values ('it-0001','participant-demo-scheme','default','<Extension></Extension>');
Insert into SMP_RESOURCE (businessidentifier,businessidentifierScheme,domainId, xmlContent) values ('it-0002','participant-demo-scheme','default','<Extension></Extension>');
Insert into SMP_RESOURCE (businessidentifier,businessidentifierScheme,domainId, xmlContent) values ('bg-l001','participant-demo-scheme','default','<Extension></Extension>');
Insert into SMP_RESOURCE (businessidentifier,businessidentifierScheme,domainId, xmlContent) values ('bg-l002','participant-demo-scheme','default','<Extension></Extension>');
Insert into SMP_RESOURCE (businessidentifier,businessidentifierScheme,domainId, xmlContent) values ('it-l001','participant-demo-scheme','default','<Extension></Extension>');
Insert into SMP_RESOURCE (businessidentifier,businessidentifierScheme,domainId, xmlContent) values ('bg-lx001','participant-demo-scheme','default','<Extension></Extension>');
Insert into SMP_RESOURCE (businessidentifier,businessidentifierScheme,domainId, xmlContent) values ('bg-xx123','participant-demo-scheme','default','<Extension></Extension>');
Insert into SMP_RESOURCE (businessidentifier,businessidentifierScheme,domainId, xmlContent) values ('it-lx001','participant-demo-scheme','default','<Extension></Extension>');
Insert into SMP_RESOURCE (businessidentifier,businessidentifierScheme,domainId, xmlContent) values ('0077:RP:TEST','ehealth-actorid-qns','default','<Extension></Extension>');
Insert into SMP_RESOURCE (businessidentifier,businessidentifierScheme,domainId, xmlContent) values ('0007:9340033829dev01','ehealth-actorid-qns','default','<Extension></Extension>');
Insert into SMP_RESOURCE (businessidentifier,businessidentifierScheme,domainId, xmlContent) values ('0007:9340033829dev02','ehealth-actorid-qns','default','<Extension></Extension>');
Insert into SMP_RESOURCE (businessidentifier,businessidentifierScheme,domainId, xmlContent) values ('0007:9340033829dev03','ehealth-actorid-qns','default','<Extension></Extension>');
Insert into SMP_RESOURCE (businessidentifier,businessidentifierScheme,domainId, xmlContent) values ('0007:9340033829:jrc:02','ehealth-actorid-qns','default','<Extension></Extension>');
Insert into SMP_RESOURCE (businessidentifier,businessidentifierScheme,domainId, xmlContent) values ('0007:9340033829test','iso6523-actorid-upis','default','<Extension></Extension>');
Insert into SMP_RESOURCE (businessidentifier,businessidentifierScheme,domainId, xmlContent) values ('urn:ehealth:pt:ncpb-idp','ehealth-participantid-qns','default','<Extension></Extension>');
Insert into SMP_RESOURCE (businessidentifier,businessidentifierScheme,domainId, xmlContent) values ('urn:cipa:ncpb','ehealth-actorid-qns','default','<Extension></Extension>');
Insert into SMP_RESOURCE (businessidentifier,businessidentifierScheme,domainId, xmlContent) values ('urn:romania:ncpb','ehealth-actorid-qns','default','<Extension></Extension>');
Insert into SMP_RESOURCE (businessidentifier,businessidentifierScheme,domainId, xmlContent) values ('0007:9340033829:jrc','ehealth-actorid-qns','default','<Extension></Extension>');
Insert into SMP_RESOURCE (businessidentifier,businessidentifierScheme,domainId, xmlContent) values ('0007:9340033829:jrc:01','ehealth-actorid-qns','default','<Extension></Extension>');
Insert into SMP_RESOURCE (businessidentifier,businessidentifierScheme,domainId, xmlContent) values ('0007:9340033829testsupport','iso6523-actorid-upis','default','<Extension></Extension>');
Insert into SMP_RESOURCE (businessidentifier,businessidentifierScheme,domainId, xmlContent) values ('urn:poland:ncpb','ehealth-actorid-qns','default','<Extension></Extension>');
Insert into SMP_RESOURCE (businessidentifier,businessidentifierScheme,domainId, xmlContent) values ('0007:001:oasis','iso6523-actorid-upis','peppol','<Extension></Extension>');


Insert into SMP_RESOURCE_MEMBER (username,businessidentifier,businessidentifierScheme) values ('AdminSMP1TEST','0007:001:oasis','iso6523-actorid-upis');
Insert into SMP_RESOURCE_MEMBER (username,businessidentifier,businessidentifierScheme) values ('AdminSMP1TEST','0007:002:oasis','iso6523-actorid-upis');
Insert into SMP_RESOURCE_MEMBER (username,businessidentifier,businessidentifierScheme) values ('AdminSMP1TEST','00117770010100777','urn:oasis:names:tc:ebcore:partyid-type:iso6523:0088');
Insert into SMP_RESOURCE_MEMBER (username,businessidentifier,businessidentifierScheme) values ('AdminSMP1TEST','0077:7777717777777difi','ehealth-actorid-qns');
Insert into SMP_RESOURCE_MEMBER (username,businessidentifier,businessidentifierScheme) values ('AdminSMP1TEST','0077:RP:TEST','ehealth-actorid-qns');
Insert into SMP_RESOURCE_MEMBER (username,businessidentifier,businessidentifierScheme) values ('AdminSMP1TEST','0088:7770010100777','ehealth-actorid-qns');
Insert into SMP_RESOURCE_MEMBER (username,businessidentifier,businessidentifierScheme) values ('CN=EHEALTH_AP_TEST_00000,O=European Commission,C=BE:23b207cb468b8519','urn:ehealth:pt:ncpb-idp','ehealth-participantid-qns');
Insert into SMP_RESOURCE_MEMBER (username,businessidentifier,businessidentifierScheme) values ('CN=EHEALTH_SMP_EC,O=European Commission,C=BE:f71ee8b11cb3b787','0007:9340033829dev01','ehealth-actorid-qns');
Insert into SMP_RESOURCE_MEMBER (username,businessidentifier,businessidentifierScheme) values ('CN=EHEALTH_SMP_EC,O=European Commission,C=BE:f71ee8b11cb3b787','0007:9340033829dev02','ehealth-actorid-qns');
Insert into SMP_RESOURCE_MEMBER (username,businessidentifier,businessidentifierScheme) values ('CN=EHEALTH_SMP_EC,O=European Commission,C=BE:f71ee8b11cb3b787','0007:9340033829dev1','ehealth-actorid-qns');
Insert into SMP_RESOURCE_MEMBER (username,businessidentifier,businessidentifierScheme) values ('CN=EHEALTH_SMP_EC,O=European Commission,C=BE:f71ee8b11cb3b787','0007:9340033829test2','ehealth-actorid-qns');
Insert into SMP_RESOURCE_MEMBER (username,businessidentifier,businessidentifierScheme) values ('CN=EHEALTH_SMP_EC,O=European Commission,C=BE:f71ee8b11cb3b787','0088:777ehealth10100777','ehealth-actorid-qns');
Insert into SMP_RESOURCE_MEMBER (username,businessidentifier,businessidentifierScheme) values ('CN=EHEALTH_SMP_TEST_BRAZIL,O=European Commission,C=BE:0000000000000123','urn:cipa:ncpb','ehealth-actorid-qns');
Insert into SMP_RESOURCE_MEMBER (username,businessidentifier,businessidentifierScheme) values ('CN=EHEALTH_SMP_TEST_BRAZIL,O=European Commission,C=BE:48b681ee8e0dcc08','0088:5798000000120','iso6523-actorid-upis');
Insert into SMP_RESOURCE_MEMBER (username,businessidentifier,businessidentifierScheme) values ('CN=GENERALERDS_AP_TEST_00000,O=European Commission,C=BE:e6588be5c376f78e','0088:123456','iso6523-actorid-upis');
Insert into SMP_RESOURCE_MEMBER (username,businessidentifier,businessidentifierScheme) values ('CN=GENERALERDS_AP_TEST_00000,O=European Commission,C=BE:e6588be5c376f78e','0088:1234567','iso6523-actorid-upis');
Insert into SMP_RESOURCE_MEMBER (username,businessidentifier,businessidentifierScheme) values ('CN=GENERALERDS_AP_TEST_00000,O=European Commission,C=BE:e6588be5c376f78e','0088:918247451','iso6523-actorid-upis');
Insert into SMP_RESOURCE_MEMBER (username,businessidentifier,businessidentifierScheme) values ('CN=SMP_CONNECTIVITYTEST_05,O=Connectivity Test,C=BE:0000000000001052','0007:9340033829:jrc:02','ehealth-actorid-qns');
Insert into SMP_RESOURCE_MEMBER (username,businessidentifier,businessidentifierScheme) values ('CN=SMP_OpenPEPPOL SMK 003,O=OpenPEPPOL,C=BE:3b3b162e7d37dd2e50edc6d3378997e1','0007:9340033829:jrc','ehealth-actorid-qns');
Insert into SMP_RESOURCE_MEMBER (username,businessidentifier,businessidentifierScheme) values ('CN=SMP_OpenPEPPOL SMK 003,O=OpenPEPPOL,C=BE:3b3b162e7d37dd2e50edc6d3378997e1','0007:9340033829:jrc:01','ehealth-actorid-qns');
Insert into SMP_RESOURCE_MEMBER (username,businessidentifier,businessidentifierScheme) values ('CN=SMP_OpenPEPPOL SMK 003,O=OpenPEPPOL,C=BE:3b3b162e7d37dd2e50edc6d3378997e1','0007:9340033829dev03','ehealth-actorid-qns');


Insert into SMP_SUBRESOURCE (documentidentifierscheme,businessidentifier,businessidentifierScheme,documentidentifier, xmlContent) values ('busdox-docid-qns','0007:001:oasis','iso6523-actorid-upis','urn:oasis:names:specification:ubl:schema:xsd:creditnote-2::creditnote##urn:www.cenbii.eu:transaction:biitrns014:ver2.0:extended:urn:www.peppol.eu:bis:peppol5a:ver2.0::2.1', '<Metadata>invalid example :)</Metadata>');
Insert into SMP_SUBRESOURCE (documentidentifierscheme,businessidentifier,businessidentifierScheme,documentidentifier, xmlContent) values ('busdox-docid-qns','0007:002:oasis','iso6523-actorid-upis','urn:oasis:names:specification:ubl:schema:xsd:creditnote-2::creditnote##urn:www.cenbii.eu:transaction:biitrns014:ver2.0:extended:urn:www.peppol.eu:bis:peppol5a:ver2.0::2.1', '<Metadata>invalid example :)</Metadata>');
Insert into SMP_SUBRESOURCE (documentidentifierscheme,businessidentifier,businessidentifierScheme,documentidentifier, xmlContent) values ('busdox-docid-qns','0007:9340033829dev1','ehealth-actorid-qns','urn:oasis:names:specification:ubl:schema:xsd:invoice-2::invoice##urn:www.cenbii.eu:transaction:biitrns010:ver2.0:extended:urn:www.peppol.eu:bis:peppol5a:ver2.0::2.2', '<Metadata>invalid example :)</Metadata>');
Insert into SMP_SUBRESOURCE (documentidentifierscheme,businessidentifier,businessidentifierScheme,documentidentifier, xmlContent) values ('busdox-docid-qns','0007:9340033829test','iso6523-actorid-upis','urn:oasis:names:specification:ubl:schema:xsd:CreditNote-2::CreditNote##urn:www.cenbii.eu:transaction:biitrns014:ver2.0:extended:urn:www.peppol.eu:bis:peppol5a:ver2.0::2.1', '<Metadata>invalid example :)</Metadata>');
Insert into SMP_SUBRESOURCE (documentidentifierscheme,businessidentifier,businessidentifierScheme,documentidentifier, xmlContent) values ('busdox-docid-qns','0007:9340033829test','iso6523-actorid-upis','urn:oasis:names:specification:ubl:schema:xsd:Invoice-2::Invoice##urn:www.cenbii.eu:transaction:biitrns010:ver2.0:extended:urn:www.peppol.eu:bis:peppol5a:ver2.0::2.1', '<Metadata>invalid example :)</Metadata>');
Insert into SMP_SUBRESOURCE (documentidentifierscheme,businessidentifier,businessidentifierScheme,documentidentifier, xmlContent) values ('busdox-docid-qns','0007:9340033829test2','ehealth-actorid-qns','urn:oasis:names:specification:ubl:schema:xsd:creditnote-2::creditnote##urn:www.cenbii.eu:transaction:biitrns014:ver2.0:extended:urn:www.peppol.eu:bis:peppol5a:ver2.0::2.1', '<Metadata>invalid example :)</Metadata>');
Insert into SMP_SUBRESOURCE (documentidentifierscheme,businessidentifier,businessidentifierScheme,documentidentifier, xmlContent) values ('busdox-docid-qns','0007:9340033829test2','ehealth-actorid-qns','urn:oasis:names:specification:ubl:schema:xsd:invoice-2::invoice##urn:www.cenbii.eu:transaction:biitrns010:ver2.0:extended:urn:www.peppol.eu:bis:peppol5a:ver2.0::2.1', '<Metadata>invalid example :)</Metadata>');
Insert into SMP_SUBRESOURCE (documentidentifierscheme,businessidentifier,businessidentifierScheme,documentidentifier, xmlContent) values ('busdox-docid-qns','0007:9340033829testsupport','iso6523-actorid-upis','urn:oasis:names:specification:ubl:schema:xsd:Invoice-12::Invoice##urn:www.cenbii.eu:transaction:biicoretrdm010:ver1.0:#urn:www.peppol.eu:bis:peppol5a:ver2.0::2.1', '<Metadata>invalid example :)</Metadata>');
Insert into SMP_SUBRESOURCE (documentidentifierscheme,businessidentifier,businessidentifierScheme,documentidentifier, xmlContent) values ('busdox-docid-qns','0088:5798000000112','iso6523-actorid-upis','urn:oasis:names:specification:ubl:schema:xsd:Invoice-12::Invoice##urn:www.cenbii.eu:transaction:biicoretrdm010:ver1.0:#urn:www.peppol.eu:bis:peppol4a:ver1.0::2.0', '<Metadata>invalid example :)</Metadata>');


