DELETE FROM SMP_SG_EXTENSION;
DELETE FROM SMP_SG_EXTENSION_AUD;

DELETE FROM SMP_ALERT;
DELETE FROM SMP_ALERT_AUD;
DELETE FROM SMP_ALERT_PROPERTY;
DELETE FROM SMP_ALERT_PROPERTY_AUD;
DELETE FROM SMP_CERTIFICATE;
DELETE FROM SMP_CERTIFICATE_AUD;
DELETE FROM SMP_CONFIGURATION;
DELETE FROM SMP_CONFIGURATION_AUD;
DELETE FROM SMP_CREDENTIAL;
DELETE FROM SMP_CREDENTIAL_AUD;
DELETE FROM SMP_DOMAIN_MEMBER;
DELETE FROM SMP_DOMAIN_MEMBER_AUD;
DELETE FROM SMP_RESOURCE_MEMBER;
DELETE FROM SMP_RESOURCE_MEMBER_AUD;
DELETE FROM SMP_GROUP_MEMBER;
DELETE FROM SMP_GROUP_MEMBER_AUD;
DELETE FROM SMP_GROUP_RESOURCE;
DELETE FROM SMP_GROUP_RESOURCE_AUD;
DELETE FROM SMP_SUBRESOURCE;
DELETE FROM SMP_SUBRESOURCE_AUD;
DELETE FROM SMP_RESOURCE;
DELETE FROM SMP_RESOURCE_AUD;
DELETE FROM SMP_DOCUMENT_VERSION;
DELETE FROM SMP_DOCUMENT_VERSION_AUD;
DELETE FROM SMP_DOCUMENT;
DELETE FROM SMP_DOCUMENT_AUD;
DELETE FROM SMP_DOMAIN_RESOURCE_DEF;
DELETE FROM SMP_DOMAIN_RESOURCE_DEF_AUD;
DELETE FROM SMP_SUBRESOURCE_DEF;
DELETE FROM SMP_SUBRESOURCE_DEF_AUD;
DELETE FROM SMP_RESOURCE_DEF;
DELETE FROM SMP_RESOURCE_DEF_AUD;
DELETE FROM SMP_EXTENSION;
DELETE FROM SMP_EXTENSION_AUD;
DELETE FROM SMP_GROUP;
DELETE FROM SMP_GROUP_AUD;
DELETE FROM SMP_USER;
DELETE FROM SMP_USER_AUD;
DELETE FROM SMP_DOMAIN;
DELETE FROM SMP_DOMAIN_AUD;
DELETE FROM SMP_REV_INFO;
set define off;

insert into SMP_USER (ID, USERNAME, ACTIVE, APPLICATION_ROLE, CREATED_ON, LAST_UPDATED_ON) values
(1, 'system', 1, 'SYSTEM_ADMIN',  sysdate,  sysdate);
insert into SMP_CREDENTIAL (ID, FK_USER_ID, CREDENTIAL_ACTIVE, CREDENTIAL_NAME, CREDENTIAL_VALUE, CREDENTIAL_TYPE, CREDENTIAL_TARGET, CREATED_ON, LAST_UPDATED_ON) values
(2, 1, 1, 'system', '$2a$06$FDmjewn/do3C219uysNm9.XG8mIn.ubHnMydAzC8lsv61HsRpOR36', 'USERNAME_PASSWORD','UI',  sysdate,  sysdate);
insert into SMP_CREDENTIAL (ID, FK_USER_ID, CREDENTIAL_ACTIVE, CREDENTIAL_NAME, CREDENTIAL_VALUE, CREDENTIAL_TYPE, CREDENTIAL_TARGET, CREATED_ON, LAST_UPDATED_ON) values
(3, 1, 1, 'pat_system', '$2a$06$FDmjewn/do3C219uysNm9.XG8mIn.ubHnMydAzC8lsv61HsRpOR36', 'ACCESS_TOKEN', 'REST_API',  sysdate,  sysdate);

insert into SMP_USER (ID, USERNAME, ACTIVE, APPLICATION_ROLE,  CREATED_ON, LAST_UPDATED_ON) values
(2, 'user', 1, 'USER',  sysdate,  sysdate);
insert into SMP_CREDENTIAL (ID, FK_USER_ID, CREDENTIAL_ACTIVE, CREDENTIAL_NAME, CREDENTIAL_VALUE, CREDENTIAL_TYPE, CREDENTIAL_TARGET, CREATED_ON, LAST_UPDATED_ON) values
(4, 2, 1, 'user', '$2a$06$FDmjewn/do3C219uysNm9.XG8mIn.ubHnMydAzC8lsv61HsRpOR36', 'USERNAME_PASSWORD','UI',  sysdate,  sysdate);
insert into SMP_CREDENTIAL (ID, FK_USER_ID, CREDENTIAL_ACTIVE, CREDENTIAL_NAME, CREDENTIAL_VALUE, CREDENTIAL_TYPE, CREDENTIAL_TARGET, CREATED_ON, LAST_UPDATED_ON) values
(5, 2, 1, 'user', '$2a$06$FDmjewn/do3C219uysNm9.XG8mIn.ubHnMydAzC8lsv61HsRpOR36', 'ACCESS_TOKEN', 'REST_API',  sysdate,  sysdate);
insert into SMP_CREDENTIAL (ID, FK_USER_ID, CREDENTIAL_ACTIVE, CREDENTIAL_NAME, CREDENTIAL_VALUE, CREDENTIAL_TYPE, CREDENTIAL_TARGET, CREATED_ON, LAST_UPDATED_ON) values
(6, 2, 1, 'LvglqPCs', '$2a$10$zaFAFqFIfLUZx15ZDPMvDeWBtsZLaAkrY3Vmya5e3/yCCkFq/FJCu', 'ACCESS_TOKEN', 'REST_API',  sysdate,  sysdate) ;

insert into SMP_USER (ID, USERNAME, ACTIVE, APPLICATION_ROLE, CREATED_ON, LAST_UPDATED_ON) values
(3, 'soapui_test_01', 1, 'USER',  sysdate,  sysdate);
insert into SMP_USER (ID, USERNAME, ACTIVE, APPLICATION_ROLE, CREATED_ON, LAST_UPDATED_ON) values
(4, 'soapui_test_02', 1, 'USER',  sysdate,  sysdate);
insert into SMP_USER (ID, USERNAME, ACTIVE, APPLICATION_ROLE, CREATED_ON, LAST_UPDATED_ON) values
(5, 'soapui_test_03', 1, 'USER',  sysdate,  sysdate);

insert into SMP_CREDENTIAL (ID, FK_USER_ID, CREDENTIAL_ACTIVE, CREDENTIAL_NAME, CREDENTIAL_VALUE, CREDENTIAL_TYPE, CREDENTIAL_TARGET, CREATED_ON, LAST_UPDATED_ON) values
(7, 3, 1, 'VIhnrCJK', '$2a$10$BtInQBIycY2BSN28PD7TxO9ipAR3lhxUT2FLeShptGmjt6HaLpR7O', 'ACCESS_TOKEN', 'REST_API',  sysdate,  sysdate);
insert into SMP_CREDENTIAL (ID, FK_USER_ID, CREDENTIAL_ACTIVE, CREDENTIAL_NAME, CREDENTIAL_VALUE, CREDENTIAL_TYPE, CREDENTIAL_TARGET, CREATED_ON, LAST_UPDATED_ON) values
(8, 5, 1, 'CN=EHEALTH_SMP_EC,O=European Commission,C=BE:f71ee8b11cb3b787', null, 'CERTIFICATE', 'REST_API',  sysdate,  sysdate);
insert into SMP_CREDENTIAL (ID, FK_USER_ID, CREDENTIAL_ACTIVE, CREDENTIAL_NAME, CREDENTIAL_VALUE, CREDENTIAL_TYPE, CREDENTIAL_TARGET, CREATED_ON, LAST_UPDATED_ON) values
(9, 4, 1, 'CN=EHEALTH&SMP_EC,O=European&Commission,C=B&E:f71ee8b11cb3b787', null, 'CERTIFICATE', 'REST_API',  sysdate,  sysdate);
insert into SMP_CREDENTIAL (ID, FK_USER_ID, CREDENTIAL_ACTIVE, CREDENTIAL_NAME, CREDENTIAL_VALUE, CREDENTIAL_TYPE, CREDENTIAL_TARGET, CREATED_ON, LAST_UPDATED_ON) values
(10, 4, 1, 'CN=EHEALTH_SMP_EC,O=European Commission,C=BE:000000000000100f', null, 'CERTIFICATE', 'REST_API',  sysdate,  sysdate);
insert into SMP_CREDENTIAL (ID, FK_USER_ID, CREDENTIAL_ACTIVE, CREDENTIAL_NAME, CREDENTIAL_VALUE, CREDENTIAL_TYPE, CREDENTIAL_TARGET, CREATED_ON, LAST_UPDATED_ON) values
(11, 2, 1, 'CN=blue_gw,O=eDelivery,C=BE:E07B6b956330a19a', null, 'CERTIFICATE', 'REST_API',  sysdate,  sysdate);
insert into SMP_CREDENTIAL (ID, FK_USER_ID, CREDENTIAL_ACTIVE, CREDENTIAL_NAME, CREDENTIAL_VALUE, CREDENTIAL_TYPE, CREDENTIAL_TARGET, CREATED_ON, LAST_UPDATED_ON) values
(12, 2, 1, 'CN=red_gw,O=eDelivery,C=BE:9792ce69BC89F14C', null, 'CERTIFICATE', 'REST_API',  sysdate,  sysdate);
insert into SMP_CREDENTIAL (ID, FK_USER_ID, CREDENTIAL_ACTIVE, CREDENTIAL_NAME, CREDENTIAL_VALUE, CREDENTIAL_TYPE, CREDENTIAL_TARGET, CREATED_ON, LAST_UPDATED_ON) values
(13, 2, 1, 'CN=SMP_0112992001,O=DIGIT,C=BE', null, 'CERTIFICATE', 'REST_API',  sysdate,  sysdate);
insert into SMP_CREDENTIAL (ID, FK_USER_ID, CREDENTIAL_ACTIVE, CREDENTIAL_NAME, CREDENTIAL_VALUE, CREDENTIAL_TYPE, CREDENTIAL_TARGET, CREATED_ON, LAST_UPDATED_ON) values
(14, 2, 1, 'CN=EHEALTH_z_ẞ_W_,O=European_z_ẞ_W_Commission,C=BE:f71ee8b11cb3b787', null, 'CERTIFICATE', 'REST_API',  sysdate,  sysdate);

insert into SMP_CERTIFICATE (ID, CERTIFICATE_ID, SUBJECT, ISSUER, SERIALNUMBER,VALID_FROM, VALID_TO, CREATED_ON, LAST_UPDATED_ON) values
(8, 'CN=EHEALTH_SMP_EC,O=European Commission,C=BE:f71ee8b11cb3b787','CN=EHEALTH_SMP_EC,O=European Commission,C=BE','CN=EHEALTH_SMP_EC,O=European Commission,`C=BE','f71ee8b11cb3b787', sysdate - 365, sysdate + 365, sysdate, sysdate);
insert into SMP_CERTIFICATE (ID, CERTIFICATE_ID, SUBJECT, ISSUER, SERIALNUMBER,VALID_FROM, VALID_TO, CREATED_ON, LAST_UPDATED_ON) values
(9, 'CN=EHEALTH&SMP_EC,O=European&Commission,C=B&E:f71ee8b11cb3b787','CN=EHEALTH&SMP_EC,O=European&Commission,C=B&E','CN=EHEALTH&SMP_EC,O=European&Commission,C=B&E','f71ee8b11cb3b787', sysdate - 365, sysdate + 365, sysdate, sysdate);
insert into SMP_CERTIFICATE (ID, CERTIFICATE_ID, SUBJECT, ISSUER, SERIALNUMBER,VALID_FROM, VALID_TO, CREATED_ON, LAST_UPDATED_ON) values
(10, 'CN=EHEALTH_SMP_EC,O=European Commission,C=BE:000000000000100f','CN=EHEALTH_SMP_EC,O=European Commission,C=BE','CN=EHEALTH_SMP_EC,O=European Commission,C=BE','000000000000100f', sysdate - 365, sysdate + 365, sysdate, sysdate);
insert into SMP_CERTIFICATE (ID, CERTIFICATE_ID, SUBJECT, ISSUER, SERIALNUMBER,VALID_FROM, VALID_TO, CREATED_ON, LAST_UPDATED_ON) values
(11, 'CN=blue_gw,O=eDelivery,C=BE:E07B6b956330a19a','CN=EHEALTH_SMP_EC,O=European Commission,C=BE','CN=EHEALTH_SMP_EC,O=European Commission,C=BE','E07B6b956330a19a', sysdate - 365, sysdate + 365, sysdate, sysdate);
insert into SMP_CERTIFICATE (ID, CERTIFICATE_ID, SUBJECT, ISSUER, SERIALNUMBER,VALID_FROM, VALID_TO, CREATED_ON, LAST_UPDATED_ON) values
(12, 'CN=red_gw,O=eDelivery,C=BE:9792ce69BC89F14C','CN=red_gw,O=eDelivery,C=BE','CN=red_gw,O=eDelivery,C=BE','9792ce69BC89F14C', sysdate - 365, sysdate + 365, sysdate, sysdate);
insert into SMP_CERTIFICATE (ID, CERTIFICATE_ID, SUBJECT, ISSUER, SERIALNUMBER,VALID_FROM, VALID_TO, CREATED_ON, LAST_UPDATED_ON) values
(13, 'CN=SMP_0112992001,O=DIGIT,C=BE','CN=SMP_0112992001,O=DIGIT,C=BE','CN=SMP_0112992001,O=DIGIT,C=BE','', sysdate - 365, sysdate + 365, sysdate, sysdate);
insert into SMP_CERTIFICATE (ID, CERTIFICATE_ID, SUBJECT, ISSUER, SERIALNUMBER,VALID_FROM, VALID_TO, CREATED_ON, LAST_UPDATED_ON) values
(14, 'CN=EHEALTH_z_ẞ_W_,O=European_z_ẞ_W_Commission,C=BE:f71ee8b11cb3b787','CN=EHEALTH_z_ẞ_W_,O=European_z_ẞ_W_Commission,C=BE','CN=EHEALTH_z_ẞ_W_,O=European_z_ẞ_W_Commission,C=BE','f71ee8b11cb3b787', sysdate - 365, sysdate + 365, sysdate, sysdate);


insert into SMP_DOMAIN (ID, DOMAIN_CODE, VISIBILITY, SML_SUBDOMAIN, SML_SMP_ID, SIGNATURE_KEY_ALIAS, SML_CLIENT_CERT_AUTH,SML_REGISTERED, CREATED_ON, LAST_UPDATED_ON) values
(1, 'testdomain','PUBLIC', 'test-domain', 'CEF-SMP-002','sample_key',1,0, sysdate,  sysdate);

insert into SMP_EXTENSION ( ID, IDENTIFIER,  IMPLEMENTATION_NAME, NAME, VERSION, DESCRIPTION, CREATED_ON, LAST_UPDATED_ON) values
(1, 'edelivery-oasis-smp-extension',  'OasisSMPExtension','Oasis SMP 1.0 and 2.0','1.0', 'Oasis SMP 1.0 and 2.0 extension',  sysdate, sysdate);

insert into SMP_RESOURCE_DEF ( ID, FK_EXTENSION_ID, URL_SEGMENT, IDENTIFIER, DESCRIPTION, MIME_TYPE, NAME, CREATED_ON, LAST_UPDATED_ON) values
(1, 1, 'smp-1', 'edelivery-oasis-smp-1.0-servicegroup', 'Service group', 'text/xml','Oasis SMP ServiceGroup', sysdate,  sysdate);

insert into SMP_SUBRESOURCE_DEF (ID,FK_RESOURCE_DEF_ID,URL_SEGMENT, IDENTIFIER, DESCRIPTION, MIME_TYPE, NAME, CREATED_ON, LAST_UPDATED_ON) values
(1,1, 'services', 'edelivery-oasis-smp-1.0-servicemetadata', 'ServiceMetadata', 'text/xml','Oasis SMP ServiceMetadata', sysdate,  sysdate);

insert into SMP_DOMAIN_RESOURCE_DEF (ID, FK_RESOURCE_DEF_ID, FK_DOMAIN_ID,CREATED_ON, LAST_UPDATED_ON ) values
(1, 1, 1, sysdate,  sysdate);


insert into SMP_DOCUMENT (ID, CURRENT_VERSION, MIME_TYPE, NAME,CREATED_ON, LAST_UPDATED_ON) values
(1, 1, 'text/xml', 'service-group', sysdate,  sysdate);

insert into SMP_DOCUMENT_VERSION (ID, FK_DOCUMENT_ID, VERSION, DOCUMENT_CONTENT, CREATED_ON, LAST_UPDATED_ON) values
(1,1,  1, utl_raw.cast_to_raw('<ServiceGroup xmlns="http://docs.oasis-open.org/bdxr/ns/SMP/2016/05"><ParticipantIdentifier scheme="iso6523-actorid-upis">0088:777002abzz777</ParticipantIdentifier><ServiceMetadataReferenceCollection/></ServiceGroup>') , sysdate,  sysdate);

insert into SMP_DOCUMENT (ID, CURRENT_VERSION, MIME_TYPE, NAME,CREATED_ON, LAST_UPDATED_ON) values
(2, 1, 'text/xml', 'service-metadta', sysdate,  sysdate);

insert into SMP_DOCUMENT_VERSION (ID, FK_DOCUMENT_ID, VERSION, DOCUMENT_CONTENT, CREATED_ON, LAST_UPDATED_ON) values
(2,2,  1, utl_raw.cast_to_raw('<ServiceMetadata xmlns="http://docs.oasis-open.org/bdxr/ns/SMP/2016/05"><Redirect href="http://localhost:8080/url"><CertificateUID/></Redirect></ServiceMetadata>') , sysdate,  sysdate);

insert into SMP_RESOURCE ( ID, FK_DOCUMENT_ID, FK_DOREDEF_ID,  IDENTIFIER_SCHEME, IDENTIFIER_VALUE, SML_REGISTERED, VISIBILITY, CREATED_ON, LAST_UPDATED_ON) values
(1, 1, 1, 'iso6523-actorid-upis', '0088:777002abzz777', 0, 'PUBLIC', sysdate,  sysdate);

insert into SMP_SUBRESOURCE (ID, FK_RESOURCE_ID,FK_SUREDEF_ID, FK_DOCUMENT_ID, IDENTIFIER_VALUE, IDENTIFIER_SCHEME, CREATED_ON, LAST_UPDATED_ON) values
(1, 1, 1, 2, 'service-value', 'service-schema', sysdate,  sysdate);

insert into SMP_SUBRESOURCE (ID, FK_RESOURCE_ID,FK_SUREDEF_ID, FK_DOCUMENT_ID, IDENTIFIER_VALUE, IDENTIFIER_SCHEME, CREATED_ON, LAST_UPDATED_ON) values
(2, 1, 1, 2, 'service-value2', 'service-schema2', sysdate,  sysdate);


insert into SMP_GROUP (ID, FK_DOMAIN_ID, NAME, VISIBILITY, CREATED_ON, LAST_UPDATED_ON) values
(1, 1, 'Test group', 'PUBLIC', sysdate,  sysdate);

insert into  SMP_GROUP_RESOURCE (FK_GROUP_ID, FK_RESOURCE_ID) values
(1, 1);

insert into SMP_RESOURCE_MEMBER (ID, FK_RESOURCE_ID, FK_USER_ID, MEMBERSHIP_ROLE, CREATED_ON, LAST_UPDATED_ON) values
(1, 1, 2, 'ADMIN', sysdate,  sysdate);

insert into SMP_GROUP_MEMBER (ID, FK_GROUP_ID, FK_USER_ID, MEMBERSHIP_ROLE, CREATED_ON, LAST_UPDATED_ON) values
(1, 1, 2, 'ADMIN', sysdate,  sysdate);
insert into SMP_GROUP_MEMBER (ID, FK_GROUP_ID, FK_USER_ID, MEMBERSHIP_ROLE, CREATED_ON, LAST_UPDATED_ON) values
(2, 1, 3, 'ADMIN', sysdate,  sysdate);
insert into SMP_GROUP_MEMBER (ID, FK_GROUP_ID, FK_USER_ID, MEMBERSHIP_ROLE, CREATED_ON, LAST_UPDATED_ON) values
(3, 1, 4, 'ADMIN', sysdate,  sysdate);




drop sequence SMP_ALERT_PROP_SEQ;
drop sequence SMP_ALERT_SEQ;
drop sequence SMP_CREDENTIAL_SEQ;
drop sequence SMP_DOCUMENT_SEQ;
drop sequence SMP_DOCUMENT_VERSION_SEQ;
drop sequence SMP_DOMAIN_MEMBER_SEQ;
drop sequence SMP_DOMAIN_RESOURCE_DEF_SEQ;
drop sequence SMP_DOMAIN_SEQ;
drop sequence SMP_EXTENSION_SEQ;
drop sequence SMP_GROUP_MEMBER_SEQ;
drop sequence SMP_GROUP_SEQ;
drop sequence SMP_RESOURCE_DEF_SEQ;
drop sequence SMP_RESOURCE_MEMBER_SEQ;
drop sequence SMP_RESOURCE_SEQ;
drop sequence SMP_REVISION_SEQ;
drop sequence SMP_SUBRESOURCE_DEF_SEQ;
drop sequence SMP_SUBRESOURCE_SEQ;
drop sequence SMP_USER_SEQ;


create sequence SMP_ALERT_PROP_SEQ start with 1000 increment by  1;
create sequence SMP_ALERT_SEQ start with 1000 increment by  1;
create sequence SMP_CREDENTIAL_SEQ start with 1000 increment by  1;
create sequence SMP_DOCUMENT_SEQ start with 1000 increment by  1;
create sequence SMP_DOCUMENT_VERSION_SEQ start with 1000 increment by  1;
create sequence SMP_DOMAIN_MEMBER_SEQ start with 1000 increment by  1;
create sequence SMP_DOMAIN_RESOURCE_DEF_SEQ start with 1000 increment by  1;
create sequence SMP_DOMAIN_SEQ start with 1000 increment by  1;
create sequence SMP_EXTENSION_SEQ start with 1000 increment by  1;
create sequence SMP_GROUP_MEMBER_SEQ start with 1000 increment by  1;
create sequence SMP_GROUP_SEQ start with 1000 increment by  1;
create sequence SMP_RESOURCE_DEF_SEQ start with 1000 increment by  1;
create sequence SMP_RESOURCE_MEMBER_SEQ start with 1000 increment by  1;
create sequence SMP_RESOURCE_SEQ start with 1000 increment by  1;
create sequence SMP_REVISION_SEQ start with 1000 increment by  1;
create sequence SMP_SUBRESOURCE_DEF_SEQ start with 1000 increment by  1;
create sequence SMP_SUBRESOURCE_SEQ start with 1000 increment by  1;
create sequence SMP_USER_SEQ start with 1000 increment by  1;
